Owner,Team,League,Recipient,Amount,Election Year,Party,Female
Amy Adams Strunk,Tennessee Titans,NFL,GRIDIRON-PAC,10000,2016,Bipartisan,1
Amy Adams Strunk,Tennessee Titans,NFL,GRIDIRON-PAC,10000,2018,Bipartisan,1
Amy Adams Strunk,Tennessee Titans,NFL,GRIDIRON-PAC,5000,2020,Bipartisan,1
Amy Adams Strunk,Tennessee Titans,NFL,PORTMAN FOR SENATE COMMITTEE,2700,2016,Republican,1
Amy Adams Strunk,Tennessee Titans,NFL,REPUBLICAN NATIONAL COMMITTEE,400,2016,Republican,1
Arthur Blank,Atlanta Falcons,NFL,BIDEN VICTORY FUND,35500,2020,Democrat,0
Arthur Blank,Atlanta Falcons,NFL,HILLARY VICTORY FUND,25000,2016,Democrat,0
Arthur Blank,Atlanta Falcons,NFL,BULLOCK VICTORY FUND,15600,2020,Democrat,0
Arthur Blank,Atlanta Falcons,NFL,GRIDIRON-PAC,10000,2016,Bipartisan,0
Arthur Blank,Atlanta Falcons,NFL,GEORGIA FEDERAL ELECTIONS COMMITTEE,10000,2018,Democrat,0
Arthur Blank,Atlanta Falcons,NFL,GRIDIRON-PAC,10000,2020,Bipartisan,0
Arthur Blank,Atlanta Falcons,NFL,GEORGIANS FOR ISAKSON,5400,2016,Republican,0
Arthur Blank,Atlanta Falcons,NFL,HILLARY FOR AMERICA,5400,2016,Democrat,0
Arthur Blank,Atlanta Falcons,NFL,MONTANANS FOR TESTER,5400,2018,Democrat,0
Arthur Blank,Atlanta Falcons,NFL,TESTER VICTORY FUND,5400,2018,Democrat,0
Arthur Blank,Atlanta Falcons,NFL,GRIDIRON-PAC,5000,2018,Bipartisan,0
Arthur Blank,Atlanta Falcons,NFL,THE HOME DEPOT INC. POLITICAL ACTION COMMITTEE,5000,2020,"Bipartisan, but mostly Republican",0
Arthur Blank,Atlanta Falcons,NFL,HOMRICH CONGRESS,2800,2020,Republican,0
Arthur Blank,Atlanta Falcons,NFL,EVAN BAYH COMMITTEE,1000,2016,Democrat,0
Arthur J. Rooney II,Pittsburgh Steelers,NFL,NORTH SIDE GOOD GOVERNMENT COMMITTEE,14000,2018,Bipartisan,0
Arthur J. Rooney II,Pittsburgh Steelers,NFL,NORTH SIDE GOOD GOVERNMENT COMMITTEE,12000,2016,Bipartisan,0
Arthur J. Rooney II,Pittsburgh Steelers,NFL,GRIDIRON-PAC,10000,2016,Bipartisan,0
Arthur J. Rooney II,Pittsburgh Steelers,NFL,GRIDIRON-PAC,10000,2018,Bipartisan,0
Arthur J. Rooney II,Pittsburgh Steelers,NFL,BIDEN FOR PRESIDENT,5000,2020,Democrat,0
Arthur J. Rooney II,Pittsburgh Steelers,NFL,GRIDIRON-PAC,5000,2020,Bipartisan,0
Arthur J. Rooney II,Pittsburgh Steelers,NFL,NORTH SIDE GOOD GOVERNMENT COMMITTEE,5000,2020,Bipartisan,0
Arthur J. Rooney II,Pittsburgh Steelers,NFL,BOB CASEY FOR SENATE INC,2700,2018,Democrat,0
Arthur J. Rooney II,Pittsburgh Steelers,NFL,REDWINGMCPAC,2400,2018,Republican,0
Arthur J. Rooney II,Pittsburgh Steelers,NFL,BILL SHUSTER FOR CONGRESS,2000,2016,Republican,0
Arthur J. Rooney II,Pittsburgh Steelers,NFL,FRIENDS OF PAT TOOMEY,2000,2016,Republican,0
Arthur J. Rooney II,Pittsburgh Steelers,NFL,O'MALLEY FOR PRESIDENT,2000,2016,Democrat,0
Arthur J. Rooney II,Pittsburgh Steelers,NFL,F.N.B. CORPORATION PAC,1150,2016,Republican,0
Arthur J. Rooney II,Pittsburgh Steelers,NFL,CONOR LAMB FOR CONGRESS,1000,2020,Democrat,0
Bryan Glazer,Tampa Bay Buccaneers,NFL,GRIDIRON-PAC,10000,2016,Bipartisan,0
Bryan Glazer,Tampa Bay Buccaneers,NFL,GRIDIRON-PAC,10000,2018,Bipartisan,0
Bryan Glazer,Tampa Bay Buccaneers,NFL,CHARLIE CRIST FOR CONGRESS,5600,2020,Democrat,0
Bryan Glazer,Tampa Bay Buccaneers,NFL,CHARLIE CRIST FOR CONGRESS,5400,2018,Democrat,0
Bryan Glazer,Tampa Bay Buccaneers,NFL,GRIDIRON-PAC,5000,2020,Bipartisan,0
Bryan Glazer,Tampa Bay Buccaneers,NFL,CHARLIE CRIST FOR CONGRESS,2700,2016,Democrat,0
Bryan Glazer,Tampa Bay Buccaneers,NFL,RICK SCOTT FOR FLORIDA,2700,2018,Republican,0
Christopher Johnson,New York Jets,NFL,FRIENDS OF KELLY AYOTTE INC,2700,2016,Republican,0
Christopher Johnson,New York Jets,NFL,COUNTRY FIRST POLITICAL ACTION COMMITTEE INC. (COUNTRY FIRST PAC),2600,2016,Republican,0
Christopher Johnson,New York Jets,NFL,FRIENDS OF JOHN MCCAIN INC (SEDONA PAC),100,2016,Republican,0
Clark Hunt,Kansas City Chiefs,NFL,KEEP THE SENATE RED 2016,10800,2016,Republican,0
Clark Hunt,Kansas City Chiefs,NFL,TEAM RYAN,10400,2016,Republican,0
Clark Hunt,Kansas City Chiefs,NFL,CORNYN MAJORITY COMMITTEE,5600,2020,Republican,0
Clark Hunt,Kansas City Chiefs,NFL,CORNYN MAJORITY COMMITTEE,5400,2018,Republican,0
Clark Hunt,Kansas City Chiefs,NFL,NRCC,5000,2018,Republican,0
Clark Hunt,Kansas City Chiefs,NFL,LINDSTROM FOR SENATE,2800,2020,Republican,0
Clark Hunt,Kansas City Chiefs,NFL,PORTMAN FOR SENATE COMMITTEE,2700,2016,Republican,0
Clark Hunt,Kansas City Chiefs,NFL,PETE SESSIONS FOR CONGRESS,2700,2018,Republican,0
Clark Hunt,Kansas City Chiefs,NFL,TED CRUZ FOR SENATE,2700,2018,Republican,0
Clark Hunt,Kansas City Chiefs,NFL,MOKAN VICTORY FUND,2500,2016,Republican,0
Clark Hunt,Kansas City Chiefs,NFL,2018 REPUBLICAN CHALLENGERS FUND,2500,2018,Republican,0
Clark Hunt,Kansas City Chiefs,NFL,CITIZENS FOR JOSH MANDEL INC,575,2018,Republican,0
D. Cal McNair,Houston Texans,NFL,GRIDIRON-PAC,10000,2016,Bipartisan,0
D. Cal McNair,Houston Texans,NFL,GRIDIRON-PAC,5000,2020,Bipartisan,0
D. Cal McNair,Houston Texans,NFL,PIERCE BUSH FOR CONGRESS,2800,2020,Republican,0
Dan Snyder,Washington Football Team,NFL,RIGHT TO RISE USA,100000,2016,Republican,0
Dan Snyder,Washington Football Team,NFL,GRIDIRON-PAC,10000,2016,Bipartisan,0
Dan Snyder,Washington Football Team,NFL,COMSTOCK FOR CONGRESS,5400,2016,Republican,0
Dan Snyder,Washington Football Team,NFL,HATCH ELECTION COMMITTEE INC,5400,2016,Republican,0
Dan Snyder,Washington Football Team,NFL,GRIDIRON-PAC,5000,2018,Bipartisan,0
Dan Snyder,Washington Football Team,NFL,PORTMAN FOR SENATE COMMITTEE,2700,2016,Republican,0
Dan Snyder,Washington Football Team,NFL,COMSTOCK FOR CONGRESS,2700,2018,Republican,0
Darcie Glazer Kassewitz,Tampa Bay Buccaneers,NFL,GRIDIRON-PAC,10000,2016,Bipartisan,1
Darcie Glazer Kassewitz,Tampa Bay Buccaneers,NFL,GRIDIRON-PAC,10000,2018,Bipartisan,1
Darcie Glazer Kassewitz,Tampa Bay Buccaneers,NFL,CHARLIE CRIST FOR CONGRESS,5600,2020,Democrat,1
Darcie Glazer Kassewitz,Tampa Bay Buccaneers,NFL,GRIDIRON-PAC,5000,2020,Bipartisan,1
Darcie Glazer Kassewitz,Tampa Bay Buccaneers,NFL,CHARLIE CRIST FOR CONGRESS,2700,2018,Democrat,1
David A. Tepper,Carolina Panthers,NFL,AMERICAN UNITY PAC,200000,2020,Republican,0
Dean A. Spanos,Los Angeles Chargers,NFL,TAKE BACK THE HOUSE 2020,37500,2020,Republican,0
Dean A. Spanos,Los Angeles Chargers,NFL,GRIDIRON-PAC,10000,2016,Bipartisan,0
Dean A. Spanos,Los Angeles Chargers,NFL,GRIDIRON-PAC,10000,2018,Bipartisan,0
Dean A. Spanos,Los Angeles Chargers,NFL,WINRED,5620,2020,Republican,0
Dean A. Spanos,Los Angeles Chargers,NFL,MICHELLE STEEL FOR CONGRESS,5600,2020,Republican,0
Dean A. Spanos,Los Angeles Chargers,NFL,"STREICKER FOR CONGRESS, INC.",5600,2020,Republican,0
Dean A. Spanos,Los Angeles Chargers,NFL,FRIENDS OF JOE HECK,5400,2016,Republican,0
Dean A. Spanos,Los Angeles Chargers,NFL,ISSA FOR CONGRESS,5000,2016,Republican,0
Dean A. Spanos,Los Angeles Chargers,NFL,RICKPAC,5000,2016,Republican,0
Dean A. Spanos,Los Angeles Chargers,NFL,DARRELL ISSA VICTORY FUND,5000,2018,Republican,0
Dean A. Spanos,Los Angeles Chargers,NFL,GRIDIRON-PAC,5000,2020,Bipartisan,0
Dean A. Spanos,Los Angeles Chargers,NFL,FRIENDS OF KELLY AYOTTE INC,2700,2016,Republican,0
Dean A. Spanos,Los Angeles Chargers,NFL,"JEB 2016, INC.",2700,2016,Republican,0
Dean A. Spanos,Los Angeles Chargers,NFL,PERRY FOR PRESIDENT INC,2700,2016,Republican,0
Dean A. Spanos,Los Angeles Chargers,NFL,DARRELL ISSA VICTORY FUND,2500,2016,Republican,0
Dean A. Spanos,Los Angeles Chargers,NFL,HECK YES! VICTORY FUND,2500,2016,Republican,0
Dean A. Spanos,Los Angeles Chargers,NFL,TARKANIAN FOR CONGRESS,2000,2016,Republican,0
Dean A. Spanos,Los Angeles Chargers,NFL,BOUSTANY FOR SENATE INC,1000,2016,Republican,0
Dean A. Spanos,Los Angeles Chargers,NFL,TED HOWZE FOR CONGRESS 2020,1000,2020,Republican,0
Dean A. Spanos,Los Angeles Chargers,NFL,NICOLE FOR NEW YORK,500,2020,Republican,0
Dean A. Spanos,Los Angeles Chargers,NFL,BOB ELLIOTT FOR CONGRESS,250,2020,Republican,0
Dean A. Spanos,Los Angeles Chargers,NFL,MARLA LIVENGOOD FOR CONGRESS 2020,250,2020,Republican,0
Dean A. Spanos,Los Angeles Chargers,NFL,MCNERNEY FOR CONGRESS,250,2020,Democrat,0
Denise DeBartolo York,San Francisco 49ers,NFL,TIM RYAN FOR CONGRESS,5000,2016,Democrat,1
Denise DeBartolo York,San Francisco 49ers,NFL,TIM RYAN FOR CONGRESS,5000,2018,Democrat,1
Denise DeBartolo York,San Francisco 49ers,NFL,TIM RYAN FOR CONGRESS,2800,2020,Democrat,1
Denise DeBartolo York,San Francisco 49ers,NFL,TIM RYAN FOR AMERICA,2700,2020,Democrat,1
Denise DeBartolo York,San Francisco 49ers,NFL,FRIENDS OF SHERROD BROWN,2500,2018,Democrat,1
Denise DeBartolo York,San Francisco 49ers,NFL,CITIZENS FOR MICHAEL WAGER,500,2016,Democrat,1
Denise DeBartolo York,San Francisco 49ers,NFL,HILLARY FOR AMERICA,500,2016,Democrat,1
E. Stanley Kroenke and Ann Kroenke,Los Angeles Rams,NFL,HILLARY VICTORY FUND,100000,2016,Democrat,1
E. Stanley Kroenke and Ann Kroenke,Los Angeles Rams,NFL,NRSC,33400,2016,Republican,1
E. Stanley Kroenke and Ann Kroenke,Los Angeles Rams,NFL,GRIDIRON-PAC,15000,2016,Bipartisan,1
Edward Glazer,Tampa Bay Buccaneers,NFL,REPUBLICAN NATIONAL COMMITTEE,152105,2018,Republican,0
Edward Glazer,Tampa Bay Buccaneers,NFL,TRUMP VICTORY,50000,2016,Republican,0
Edward Glazer,Tampa Bay Buccaneers,NFL,GRIDIRON-PAC,5000,2016,Bipartisan,0
Edward Glazer,Tampa Bay Buccaneers,NFL,GRIDIRON-PAC,5000,2018,Bipartisan,0
Edward Glazer,Tampa Bay Buccaneers,NFL,GRIDIRON-PAC,5000,2020,Bipartisan,0
Edward Glazer,Tampa Bay Buccaneers,NFL,ELISE FOR CONGRESS,2800,2020,Republican,0
Edward Glazer,Tampa Bay Buccaneers,NFL,WINRED,2800,2020,Republican,0
Edward Glazer,Tampa Bay Buccaneers,NFL,COMSTOCK FOR CONGRESS,2700,2018,Republican,0
Edward Glazer,Tampa Bay Buccaneers,NFL,DENHAM FOR CONGRESS,2700,2018,Republican,0
Edward Glazer,Tampa Bay Buccaneers,NFL,HURD FOR CONGRESS,2700,2018,Republican,0
Edward Glazer,Tampa Bay Buccaneers,NFL,LEA MARQUEZ PETERSON FOR CONGRESS,2700,2018,Republican,0
Edward Glazer,Tampa Bay Buccaneers,NFL,STEVE KNIGHT FOR CONGRESS,2700,2018,Republican,0
Edward Glazer,Tampa Bay Buccaneers,NFL,YOUNG KIM FOR CONGRESS,2700,2018,Republican,0
Gayle Benson,New Orleans Saints,NFL,"JEB 2016, INC.",2700,2016,Republican,1
George H. McCaskey,Chicago Bears,NFL,GRIDIRON-PAC,5000,2016,Bipartisan,0
George H. McCaskey,Chicago Bears,NFL,GRIDIRON-PAC,5000,2018,Bipartisan,0
George H. McCaskey,Chicago Bears,NFL,GRIDIRON-PAC,5000,2020,Bipartisan,0
James Irsay,Indianapolis Colts,NFL,SENATE MAJORITY PAC,25000,2016,Democrat,0
James Irsay,Indianapolis Colts,NFL,GRIDIRON-PAC,10000,2016,Bipartisan,0
James Irsay,Indianapolis Colts,NFL,TEAM HOLCOMB,10000,2018,Republican,0
James Irsay,Indianapolis Colts,NFL,GRIDIRON-PAC,10000,2018,Bipartisan,0
James Irsay,Indianapolis Colts,NFL,GRIDIRON-PAC,10000,2020,Bipartisan,0
James Irsay,Indianapolis Colts,NFL,WINRED,100,2020,Republican,0
Janice S. McNair,Houston Texans,NFL,TRUMP VICTORY,449000,2016,Republican,1
Janice S. McNair,Houston Texans,NFL,PROTECT THE HOUSE,371500,2018,Republican,1
Janice S. McNair,Houston Texans,NFL,TEAM RYAN,250400,2018,Republican,1
Janice S. McNair,Houston Texans,NFL,TEAM RYAN,244200,2016,Republican,1
Janice S. McNair,Houston Texans,NFL,GRIDIRON-PAC,10000,2016,Bipartisan,1
Janice S. McNair,Houston Texans,NFL,HARRIS COUNTY REPUBLICAN PARTY FEDERAL COMMITTEE,10000,2020,Republican,1
Janice S. McNair,Houston Texans,NFL,BRADY VICTORY FUND,5400,2018,Republican,1
Janice S. McNair,Houston Texans,NFL,TEAM GRAHAM INC,5400,2018,Republican,1
Janice S. McNair,Houston Texans,NFL,TIM SCOTT FOR SENATE,5400,2018,Republican,1
Janice S. McNair,Houston Texans,NFL,RICK SCOTT FOR FLORIDA,5000,2018,Republican,1
Janice S. McNair,Houston Texans,NFL,GRIDIRON-PAC,5000,2018,Bipartisan,1
Janice S. McNair,Houston Texans,NFL,"JEB 2016, INC.",2700,2016,Republican,1
Janice S. McNair,Houston Texans,NFL,LINDSEY GRAHAM 2016,2700,2016,Republican,1
Janice S. McNair,Houston Texans,NFL,SCOTT WALKER INC,2700,2016,Republican,1
Jeffrey Lurie,Philadelphia Eagles,NFL,GRIDIRON-PAC,10000,2016,Bipartisan,0
Jeffrey Lurie,Philadelphia Eagles,NFL,GRIDIRON-PAC,10000,2018,Bipartisan,0
Jeffrey Lurie,Philadelphia Eagles,NFL,GRIDIRON-PAC,5000,2020,Bipartisan,0
Jeffrey Lurie,Philadelphia Eagles,NFL,HILLARY FOR AMERICA,2700,2016,Democrat,0
Jerry Jones,Dallas Cowboys,NFL,AMERICA LEADS,200000,2016,Republican,0
Jerry Jones,Dallas Cowboys,NFL,GRIDIRON-PAC,10000,2016,Bipartisan,0
Jerry Jones,Dallas Cowboys,NFL,GRIDIRON-PAC,10000,2018,Bipartisan,0
Jerry Jones,Dallas Cowboys,NFL,COLIN ALLRED FOR CONGRESS,5000,2018,Democrat,0
Jerry Jones,Dallas Cowboys,NFL,GRIDIRON-PAC,4650,2020,Bipartisan,0
Jerry Jones,Dallas Cowboys,NFL,"CHRIS CHRISTIE FOR PRESIDENT, INC.",2700,2016,Republican,0
Jerry Jones,Dallas Cowboys,NFL,KAY GRANGER CAMPAIGN FUND,2700,2016,Republican,0
Jerry Jones,Dallas Cowboys,NFL,PORTMAN FOR SENATE COMMITTEE,2700,2016,Republican,0
Jerry Jones,Dallas Cowboys,NFL,THE CONGRESSMAN JOE BARTON COMMITTEE,2700,2016,Republican,0
Jerry Jones,Dallas Cowboys,NFL,LANCE GOODEN FOR CONGRESS COMMITTEE,2700,2018,Republican,0
Jerry Jones,Dallas Cowboys,NFL,COLE FOR CONGRESS,500,2018,Republican,0
Jimmy and Susan Haslam,Cleveland Browns,NFL,SENATE LEADERSHIP FUND,200000,2020,Republican,1
Jimmy and Susan Haslam,Cleveland Browns,NFL,TEAM RYAN,150000,2016,Republican,1
Jimmy and Susan Haslam,Cleveland Browns,NFL,NRSC,141000,2020,Republican,1
Jimmy and Susan Haslam,Cleveland Browns,NFL,BOEHNER FOR SPEAKER,100000,2016,Republican,1
Jimmy and Susan Haslam,Cleveland Browns,NFL,TAKE BACK THE HOUSE 2020,100000,2020,Republican,1
Jimmy and Susan Haslam,Cleveland Browns,NFL,NRCC,76800,2016,Republican,1
Jimmy and Susan Haslam,Cleveland Browns,NFL,RIGHT TO RISE USA,55000,2016,Republican,1
Jimmy and Susan Haslam,Cleveland Browns,NFL,TEAM RYAN,50000,2018,Republican,1
Jimmy and Susan Haslam,Cleveland Browns,NFL,SCALISE LEADERSHIP FUND,50000,2020,Republican,1
Jimmy and Susan Haslam,Cleveland Browns,NFL,ERNST VICTORY IOWA,40000,2018,Republican,1
Jimmy and Susan Haslam,Cleveland Browns,NFL,TENNESSEE REPUBLICAN PARTY FEDERAL ELECTION ACCOUNT,30000,2016,Republican,1
Jimmy and Susan Haslam,Cleveland Browns,NFL,YOUNG VICTORY COMMITTEE,30000,2016,Republican,1
Jimmy and Susan Haslam,Cleveland Browns,NFL,SENATE LEADERSHIP FUND,25000,2016,Republican,1
Jimmy and Susan Haslam,Cleveland Browns,NFL,1820 PAC,25000,2020,Republican,1
Jimmy and Susan Haslam,Cleveland Browns,NFL,HAWKEYE FUND,20600,2020,Republican,1
Jimmy and Susan Haslam,Cleveland Browns,NFL,OHIO REPUBLICAN PARTY STATE CENTRAL & EXECUTIVE COMMITTEE,20000,2016,Republican,1
Jimmy and Susan Haslam,Cleveland Browns,NFL,NATSO INC. NATSO PAC,20000,2016,Bipartisan,1
Jimmy and Susan Haslam,Cleveland Browns,NFL,OHIO REPUBLICAN PARTY STATE CENTRAL & EXECUTIVE COMMITTEE,20000,2018,Republican,1
Jimmy and Susan Haslam,Cleveland Browns,NFL,CLEVELAND FORWARD PAC,20000,2018,,1
Jimmy and Susan Haslam,Cleveland Browns,NFL,GRIDIRON-PAC,20000,2018,Bipartisan,1
Jimmy and Susan Haslam,Cleveland Browns,NFL,NATSO INC. NATSO PAC,20000,2018,Bipartisan,1
Jimmy and Susan Haslam,Cleveland Browns,NFL,ERNST VICTORY IOWA,20000,2020,Republican,1
Jimmy and Susan Haslam,Cleveland Browns,NFL,OHIO REPUBLICAN PARTY STATE CENTRAL & EXECUTIVE COMMITTEE,20000,2020,Republican,1
Jimmy and Susan Haslam,Cleveland Browns,NFL,GRIDIRON-PAC,20000,2020,Bipartisan,1
Jimmy and Susan Haslam,Cleveland Browns,NFL,ANTHONY GONZALEZ FOR CONGRESS,11200,2020,Republican,1
Jimmy and Susan Haslam,Cleveland Browns,NFL,COLLINS FOR SENATOR,11200,2020,Republican,1
Jimmy and Susan Haslam,Cleveland Browns,NFL,CORY GARDNER FOR SENATE,11200,2020,Republican,1
Jimmy and Susan Haslam,Cleveland Browns,NFL,MCSALLY FOR SENATE INC,11200,2020,Republican,1
Jimmy and Susan Haslam,Cleveland Browns,NFL,PERDUE FOR SENATE,11200,2020,Republican,1
Jimmy and Susan Haslam,Cleveland Browns,NFL,TEXANS FOR SENATOR JOHN CORNYN INC.,11200,2020,Republican,1
Jimmy and Susan Haslam,Cleveland Browns,NFL,THOM TILLIS COMMITTEE,11200,2020,Republican,1
Jimmy and Susan Haslam,Cleveland Browns,NFL,KASICH FOR AMERICA INC,10800,2016,Republican,1
Jimmy and Susan Haslam,Cleveland Browns,NFL,PORTMAN FOR SENATE COMMITTEE,10800,2016,Republican,1
Jimmy and Susan Haslam,Cleveland Browns,NFL,ANTHONY GONZALEZ FOR CONGRESS,10800,2018,Republican,1
Jimmy and Susan Haslam,Cleveland Browns,NFL,CITIZENS FOR JOSH MANDEL INC,10800,2018,Republican,1
Jimmy and Susan Haslam,Cleveland Browns,NFL,HELLER FOR SENATE,10800,2018,Republican,1
Jimmy and Susan Haslam,Cleveland Browns,NFL,MARSHA FOR SENATE,10400,2018,Republican,1
Jimmy and Susan Haslam,Cleveland Browns,NFL,FRIENDS OF ROY BLUNT,10000,2016,Republican,1
Jimmy and Susan Haslam,Cleveland Browns,NFL,ROCK CITY PAC,10000,2016,Republican,1
Jimmy and Susan Haslam,Cleveland Browns,NFL,JOHN ROSE FOR TENNESSEE,10000,2018,Republican,1
Jimmy and Susan Haslam,Cleveland Browns,NFL,TEAM JOSH,10000,2018,Republican,1
Jimmy and Susan Haslam,Cleveland Browns,NFL,TENNESSEE REPUBLICAN PARTY FEDERAL ELECTION ACCOUNT,10000,2018,Republican,1
Jimmy and Susan Haslam,Cleveland Browns,NFL,TENNESSEE REPUBLICAN PARTY FEDERAL ELECTION ACCOUNT,10000,2018,Republican,1
Jimmy and Susan Haslam,Cleveland Browns,NFL,NATSO INC. NATSO PAC,10000,2020,Bipartisan,1
Jimmy and Susan Haslam,Cleveland Browns,NFL,GRASSLEY HAWKEYE FUND,7700,2016,Republican,1
Jimmy and Susan Haslam,Cleveland Browns,NFL,GEORGIANS FOR ISAKSON,7500,2016,Republican,1
Jimmy and Susan Haslam,Cleveland Browns,NFL,THE RICHARD BURR COMMITTEE,7500,2016,Republican,1
Jimmy and Susan Haslam,Cleveland Browns,NFL,ALASKANS FOR DAN SULLIVAN,5600,2020,Republican,1
Jimmy and Susan Haslam,Cleveland Browns,NFL,FRIENDS OF DAVE JOYCE,5600,2020,Republican,1
Jimmy and Susan Haslam,Cleveland Browns,NFL,"FRIENDS OF TODD YOUNG, INC.",5600,2020,Republican,1
Jimmy and Susan Haslam,Cleveland Browns,NFL,MCCONNELL FOR MAJORITY LEADER COMMITTEE,5600,2020,Republican,1
Jimmy and Susan Haslam,Cleveland Browns,NFL,PORTMAN FOR SENATE COMMITTEE,5600,2020,Republican,1
Jimmy and Susan Haslam,Cleveland Browns,NFL,BOUSTANY FOR SENATE INC,5400,2016,Republican,1
Jimmy and Susan Haslam,Cleveland Browns,NFL,"FRIENDS OF TODD YOUNG, INC.",5400,2016,Republican,1
Jimmy and Susan Haslam,Cleveland Browns,NFL,"JEB 2016, INC.",5400,2016,Republican,1
Jimmy and Susan Haslam,Cleveland Browns,NFL,RO FOR CONGRESS INC.,5400,2016,Democrat,1
Jimmy and Susan Haslam,Cleveland Browns,NFL,FRIENDS OF DAVE JOYCE,5400,2018,Republican,1
Jimmy and Susan Haslam,Cleveland Browns,NFL,FRIENDS OF JOHN BARRASSO,5400,2018,Republican,1
Jimmy and Susan Haslam,Cleveland Browns,NFL,JOSH HAWLEY FOR SENATE,5400,2018,Republican,1
Jimmy and Susan Haslam,Cleveland Browns,NFL,RENACCI FOR US SENATE,5400,2018,Republican,1
Jimmy and Susan Haslam,Cleveland Browns,NFL,RICK SCOTT FOR FLORIDA,5400,2018,Republican,1
Jimmy and Susan Haslam,Cleveland Browns,NFL,ROMNEY FOR UTAH INC,5400,2018,Republican,1
Jimmy and Susan Haslam,Cleveland Browns,NFL,ARIZONA GRASSROOTS ACTION PAC,5000,2016,Republican,1
Jimmy and Susan Haslam,Cleveland Browns,NFL,BOOZMAN FOR ARKANSAS,5000,2016,Republican,1
Jimmy and Susan Haslam,Cleveland Browns,NFL,BURR NC VICTORY FUND,5000,2016,Republican,1
Jimmy and Susan Haslam,Cleveland Browns,NFL,FRIENDS OF KELLY AYOTTE INC,5000,2016,Republican,1
Jimmy and Susan Haslam,Cleveland Browns,NFL,"GEORGIA REPUBLICAN PARTY, INC.",5000,2016,Republican,1
Jimmy and Susan Haslam,Cleveland Browns,NFL,MISSOURI REPUBLICAN STATE COMMITTEE-FEDERAL,5000,2016,Republican,1
Jimmy and Susan Haslam,Cleveland Browns,NFL,MORAN FOR KANSAS,5000,2016,Republican,1
Jimmy and Susan Haslam,Cleveland Browns,NFL,NEW HAMPSHIRE REPUBLICAN STATE COMMITTEE,5000,2016,Republican,1
Jimmy and Susan Haslam,Cleveland Browns,NFL,RON JOHNSON FOR SENATE INC,5000,2016,Republican,1
Jimmy and Susan Haslam,Cleveland Browns,NFL,TENN POLITICAL ACTION COMMITTEE INC (TENN PAC),5000,2016,Republican,1
Jimmy and Susan Haslam,Cleveland Browns,NFL,THE HAWKEYE PAC,5000,2016,Republican,1
Jimmy and Susan Haslam,Cleveland Browns,NFL,TIM SCOTT FOR SENATE,5000,2016,Republican,1
Jimmy and Susan Haslam,Cleveland Browns,NFL,TOOMEY PENNSYLVANIA VICTORY FUND,5000,2016,Republican,1
Jimmy and Susan Haslam,Cleveland Browns,NFL,SOCIETY OF INDEPENDENT GASOLINE MARKETERS OF AMERICA PAC,5000,2016,"Bipartisan, but mostly Republican",1
Jimmy and Susan Haslam,Cleveland Browns,NFL,GRIDIRON-PAC,5000,2016,Bipartisan,1
Jimmy and Susan Haslam,Cleveland Browns,NFL,GEORGE HOLDING FOR CONGRESS INC.,5000,2018,Republican,1
Jimmy and Susan Haslam,Cleveland Browns,NFL,WAKE REC FEDERAL,4800,2016,Republican,1
Jimmy and Susan Haslam,Cleveland Browns,NFL,FINKENAUER FOR CONGRESS,4200,2020,Democrat,1
Jimmy and Susan Haslam,Cleveland Browns,NFL,MARK GREEN FOR CONGRESS,4000,2018,Republican,1
Jimmy and Susan Haslam,Cleveland Browns,NFL,NANCY MACE FOR CONGRESS,2800,2020,Republican,1
Jimmy and Susan Haslam,Cleveland Browns,NFL,STEVE DARDEN FOR CONGRESS,2800,2020,Republican,1
Jimmy and Susan Haslam,Cleveland Browns,NFL,KENDRA HORN FOR CONGRESS,2800,2020,Democrat,1
Jimmy and Susan Haslam,Cleveland Browns,NFL,FRIENDS OF JOHN MCCAIN INC,2700,2016,Republican,1
Jimmy and Susan Haslam,Cleveland Browns,NFL,MARCO RUBIO FOR SENATE 2016,2700,2016,Republican,1
Jimmy and Susan Haslam,Cleveland Browns,NFL,CARLOS CURBELO CONGRESS,2700,2018,Republican,1
Jimmy and Susan Haslam,Cleveland Browns,NFL,FRIENDS OF ERIK PAULSEN,2700,2018,Republican,1
Jimmy and Susan Haslam,Cleveland Browns,NFL,MIKE BISHOP FOR CONGRESS,2700,2018,Republican,1
Jimmy and Susan Haslam,Cleveland Browns,NFL,ROSKAM FOR CONGRESS COMMITTEE,2700,2018,Republican,1
Jimmy and Susan Haslam,Cleveland Browns,NFL,MARCIA FUDGE FOR CONGRESS,2700,2018,Democrat,1
Jimmy and Susan Haslam,Cleveland Browns,NFL,RICHARD E NEAL FOR CONGRESS COMMITTEE,2700,2018,Democrat,1
Jimmy and Susan Haslam,Cleveland Browns,NFL,FRIENDS OF JOE HECK,2500,2016,Republican,1
Jimmy and Susan Haslam,Cleveland Browns,NFL,FRIENDS OF PAT TOOMEY,2500,2016,Republican,1
Jimmy and Susan Haslam,Cleveland Browns,NFL,KUSTOFF FOR CONGRESS,2500,2016,Republican,1
Jimmy and Susan Haslam,Cleveland Browns,NFL,"MARSHA BLACKBURN FOR CONGRESS, INC.",2500,2016,Republican,1
Jimmy and Susan Haslam,Cleveland Browns,NFL,NEVADA REPUBLICAN CENTRAL COMMITTEE,2500,2016,Republican,1
Jimmy and Susan Haslam,Cleveland Browns,NFL,SOCIETY OF INDEPENDENT GASOLINE MARKETERS OF AMERICA PAC,2500,2018,"Bipartisan, but mostly Republican",1
Jimmy and Susan Haslam,Cleveland Browns,NFL,TEAM CHENEY,2500,2020,Republican,1
Jimmy and Susan Haslam,Cleveland Browns,NFL,TEAM CHENEY,2500,2020,Republican,1
Jimmy and Susan Haslam,Cleveland Browns,NFL,REPUBLICAN FEDERAL COMMITTEE OF PENNSYLVANIA,2300,2016,Republican,1
Jimmy and Susan Haslam,Cleveland Browns,NFL,MIKE GALLAGHER FOR WISCONSIN,1000,2016,Republican,1
Jody Allen (Paul G. Allen Trust),Seattle Seahawks,NFL,PROTECT THE HOUSE,100000,2018,Republican,1
Jody Allen (Paul G. Allen Trust),Seattle Seahawks,NFL,HILLARY VICTORY FUND,27000,2016,Democrat,1
Jody Allen (Paul G. Allen Trust),Seattle Seahawks,NFL,FRIENDS OF JOHN THUNE,5400,2016,Republican,1
Jody Allen (Paul G. Allen Trust),Seattle Seahawks,NFL,LISA MURKOWSKI FOR US SENATE,5400,2016,Republican,1
Jody Allen (Paul G. Allen Trust),Seattle Seahawks,NFL,PEOPLE FOR PATTY MURRAY,5400,2016,Democrat,1
Jody Allen (Paul G. Allen Trust),Seattle Seahawks,NFL,LISA MURKOWSKI FOR US SENATE,5400,2018,Republican,1
Jody Allen (Paul G. Allen Trust),Seattle Seahawks,NFL,CHRIS COONS FOR DELAWARE,5400,2018,Democrat,1
Jody Allen (Paul G. Allen Trust),Seattle Seahawks,NFL,FRIENDS OF MARIA,5400,2018,Democrat,1
Jody Allen (Paul G. Allen Trust),Seattle Seahawks,NFL,FRIENDS OF SCHUMER,5400,2018,Democrat,1
Jody Allen (Paul G. Allen Trust),Seattle Seahawks,NFL,MONTANANS FOR TESTER,5400,2018,Democrat,1
Jody Allen (Paul G. Allen Trust),Seattle Seahawks,NFL,WHITEHOUSE FOR SENATE,5400,2018,Democrat,1
Jody Allen (Paul G. Allen Trust),Seattle Seahawks,NFL,FRIENDS OF KELLY AYOTTE INC,5000,2016,Republican,1
Jody Allen (Paul G. Allen Trust),Seattle Seahawks,NFL,M-PAC,5000,2016,Democrat,1
Jody Allen (Paul G. Allen Trust),Seattle Seahawks,NFL,CORY GARDNER FOR SENATE,5000,2018,Republican,1
Jody Allen (Paul G. Allen Trust),Seattle Seahawks,NFL,GREAT AMERICA COMMITTEE,5000,2018,Republican,1
Jody Allen (Paul G. Allen Trust),Seattle Seahawks,NFL,HEARTLAND VALUES PAC,5000,2018,Republican,1
Jody Allen (Paul G. Allen Trust),Seattle Seahawks,NFL,TEAM RYAN,5000,2018,Republican,1
Jody Allen (Paul G. Allen Trust),Seattle Seahawks,NFL,HOOPS PAC,5000,2018,Democrat,1
Jody Allen (Paul G. Allen Trust),Seattle Seahawks,NFL,M-PAC,5000,2018,Democrat,1
Jody Allen (Paul G. Allen Trust),Seattle Seahawks,NFL,150PAC.ORG,5000,2018,Bipartisan,1
Jody Allen (Paul G. Allen Trust),Seattle Seahawks,NFL,PRAMILA FOR CONGRESS,4700,2018,Democrat,1
Jody Allen (Paul G. Allen Trust),Seattle Seahawks,NFL,SCHATZ FOR SENATE,4700,2018,Democrat,1
Jody Allen (Paul G. Allen Trust),Seattle Seahawks,NFL,UDALL FOR US ALL,4700,2018,Democrat,1
Jody Allen (Paul G. Allen Trust),Seattle Seahawks,NFL,KEVIN MCCARTHY FOR CONGRESS,4500,2018,Republican,1
Jody Allen (Paul G. Allen Trust),Seattle Seahawks,NFL,FRIENDS OF DAVE REICHERT,4000,2016,Republican,1
Jody Allen (Paul G. Allen Trust),Seattle Seahawks,NFL,FRIENDS OF JOHN MCCAIN INC,4000,2016,Republican,1
Jody Allen (Paul G. Allen Trust),Seattle Seahawks,NFL,KEVIN MCCARTHY FOR CONGRESS,4000,2016,Republican,1
Jody Allen (Paul G. Allen Trust),Seattle Seahawks,NFL,PORTMAN FOR SENATE COMMITTEE,4000,2016,Republican,1
Jody Allen (Paul G. Allen Trust),Seattle Seahawks,NFL,THE RICHARD BURR COMMITTEE,4000,2016,Republican,1
Jody Allen (Paul G. Allen Trust),Seattle Seahawks,NFL,WYDEN FOR SENATE,4000,2016,Democrat,1
Jody Allen (Paul G. Allen Trust),Seattle Seahawks,NFL,JAIME FOR CONGRESS,4000,2018,Republican,1
Jody Allen (Paul G. Allen Trust),Seattle Seahawks,NFL,GILLIBRAND FOR SENATE,4000,2018,Democrat,1
Jody Allen (Paul G. Allen Trust),Seattle Seahawks,NFL,PEOPLE FOR DEREK KILMER,4000,2018,Democrat,1
Jody Allen (Paul G. Allen Trust),Seattle Seahawks,NFL,PEOPLE FOR DEREK KILMER,3700,2016,Democrat,1
Jody Allen (Paul G. Allen Trust),Seattle Seahawks,NFL,COLLINS FOR SENATOR,3700,2018,Republican,1
Jody Allen (Paul G. Allen Trust),Seattle Seahawks,NFL,"FRIENDS FOR CHRIS STEWART, INC.",3700,2018,Republican,1
Jody Allen (Paul G. Allen Trust),Seattle Seahawks,NFL,CATHY MCMORRIS RODGERS FOR CONGRESS,3500,2016,Republican,1
Jody Allen (Paul G. Allen Trust),Seattle Seahawks,NFL,JAIME FOR CONGRESS,3000,2016,Republican,1
Jody Allen (Paul G. Allen Trust),Seattle Seahawks,NFL,ADAM SMITH FOR CONGRESS COMMITTEE,3000,2016,Democrat,1
Jody Allen (Paul G. Allen Trust),Seattle Seahawks,NFL,BENNET FOR COLORADO,3000,2016,Democrat,1
Jody Allen (Paul G. Allen Trust),Seattle Seahawks,NFL,CHRIS COONS FOR DELAWARE,3000,2016,Democrat,1
Jody Allen (Paul G. Allen Trust),Seattle Seahawks,NFL,MONTANANS FOR TESTER,3000,2016,Democrat,1
Jody Allen (Paul G. Allen Trust),Seattle Seahawks,NFL,HATCH ELECTION COMMITTEE INC,3000,2018,Republican,1
Jody Allen (Paul G. Allen Trust),Seattle Seahawks,NFL,SIMPSON FOR CONGRESS,3000,2018,Republican,1
Jody Allen (Paul G. Allen Trust),Seattle Seahawks,NFL,CARPER FOR SENATE,3000,2018,Democrat,1
Jody Allen (Paul G. Allen Trust),Seattle Seahawks,NFL,PRAMILA FOR CONGRESS,2700,2016,Democrat,1
Jody Allen (Paul G. Allen Trust),Seattle Seahawks,NFL,DAN NEWHOUSE FOR CONGRESS,2700,2018,Republican,1
Jody Allen (Paul G. Allen Trust),Seattle Seahawks,NFL,FRIENDS OF JOHN BARRASSO,2700,2018,Republican,1
Jody Allen (Paul G. Allen Trust),Seattle Seahawks,NFL,KAY GRANGER CAMPAIGN FUND,2700,2018,Republican,1
Jody Allen (Paul G. Allen Trust),Seattle Seahawks,NFL,ADAM SMITH FOR CONGRESS COMMITTEE,2700,2018,Democrat,1
Jody Allen (Paul G. Allen Trust),Seattle Seahawks,NFL,BILL NELSON FOR US SENATE,2700,2018,Democrat,1
Jody Allen (Paul G. Allen Trust),Seattle Seahawks,NFL,CITIZENS TO ELECT RICK LARSEN,2700,2018,Democrat,1
Jody Allen (Paul G. Allen Trust),Seattle Seahawks,NFL,DELBENE FOR CONGRESS,2700,2018,Democrat,1
Jody Allen (Paul G. Allen Trust),Seattle Seahawks,NFL,DENNY HECK FOR CONGRESS,2700,2018,Democrat,1
Jody Allen (Paul G. Allen Trust),Seattle Seahawks,NFL,TAMMY BALDWIN FOR SENATE,2700,2018,Democrat,1
Jody Allen (Paul G. Allen Trust),Seattle Seahawks,NFL,TEAM GRAHAM INC,2500,2018,Republican,1
Jody Allen (Paul G. Allen Trust),Seattle Seahawks,NFL,DAN NEWHOUSE FOR CONGRESS,2000,2016,Republican,1
Jody Allen (Paul G. Allen Trust),Seattle Seahawks,NFL,FRIENDS OF ROY BLUNT,2000,2016,Republican,1
Jody Allen (Paul G. Allen Trust),Seattle Seahawks,NFL,SIMPSON FOR CONGRESS,2000,2016,Republican,1
Jody Allen (Paul G. Allen Trust),Seattle Seahawks,NFL,WALDEN FOR CONGRESS,2000,2016,Republican,1
Jody Allen (Paul G. Allen Trust),Seattle Seahawks,NFL,CITIZENS TO ELECT RICK LARSEN,2000,2016,Democrat,1
Jody Allen (Paul G. Allen Trust),Seattle Seahawks,NFL,DELBENE FOR CONGRESS,2000,2016,Democrat,1
Jody Allen (Paul G. Allen Trust),Seattle Seahawks,NFL,DENNY HECK FOR CONGRESS,2000,2016,Democrat,1
Jody Allen (Paul G. Allen Trust),Seattle Seahawks,NFL,FRIENDS OF SCHUMER,2000,2016,Democrat,1
Jody Allen (Paul G. Allen Trust),Seattle Seahawks,NFL,SCHATZ FOR SENATE,2000,2016,Democrat,1
Jody Allen (Paul G. Allen Trust),Seattle Seahawks,NFL,ALASKANS FOR DAN SULLIVAN,2000,2018,Republican,1
Jody Allen (Paul G. Allen Trust),Seattle Seahawks,NFL,BRADY FOR CONGRESS,2000,2018,Republican,1
Jody Allen (Paul G. Allen Trust),Seattle Seahawks,NFL,CATHY MCMORRIS RODGERS FOR CONGRESS,2000,2018,Republican,1
Jody Allen (Paul G. Allen Trust),Seattle Seahawks,NFL,CRAPO VICTORY COMMITTEE,2000,2018,Republican,1
Jody Allen (Paul G. Allen Trust),Seattle Seahawks,NFL,FRIENDS OF DAVE JOYCE,2000,2018,Republican,1
Jody Allen (Paul G. Allen Trust),Seattle Seahawks,NFL,FRIENDS OF ROY BLUNT,2000,2018,Republican,1
Jody Allen (Paul G. Allen Trust),Seattle Seahawks,NFL,GREG PENCE FOR CONGRESS,2000,2018,Republican,1
Jody Allen (Paul G. Allen Trust),Seattle Seahawks,NFL,JEFF FORTENBERRY FOR UNITED STATES CONGRESS,2000,2018,Republican,1
Jody Allen (Paul G. Allen Trust),Seattle Seahawks,NFL,JIM RISCH FOR U S SENATE COMMITTEE,2000,2018,Republican,1
Jody Allen (Paul G. Allen Trust),Seattle Seahawks,NFL,MAKING AMERICA PROSPEROUS PAC,2000,2018,Republican,1
Jody Allen (Paul G. Allen Trust),Seattle Seahawks,NFL,PORTMAN FOR SENATE COMMITTEE,2000,2018,Republican,1
Jody Allen (Paul G. Allen Trust),Seattle Seahawks,NFL,STEVE DAINES FOR MONTANA,2000,2018,Republican,1
Jody Allen (Paul G. Allen Trust),Seattle Seahawks,NFL,"BEN CARDIN FOR SENATE, INC.",2000,2018,Democrat,1
Jody Allen (Paul G. Allen Trust),Seattle Seahawks,NFL,CORY BOOKER FOR SENATE,2000,2018,Democrat,1
Jody Allen (Paul G. Allen Trust),Seattle Seahawks,NFL,GARAMENDI FOR CONGRESS,2000,2018,Democrat,1
Jody Allen (Paul G. Allen Trust),Seattle Seahawks,NFL,MARTIN HEINRICH FOR SENATE,2000,2018,Democrat,1
Jody Allen (Paul G. Allen Trust),Seattle Seahawks,NFL,TEXANS FOR HENRY CUELLAR CONGRESSIONAL CAMPAIGN,2000,2018,Democrat,1
Jody Allen (Paul G. Allen Trust),Seattle Seahawks,NFL,WYDEN FOR SENATE,2000,2018,Democrat,1
Jody Allen (Paul G. Allen Trust),Seattle Seahawks,NFL,BOB CORKER FOR SENATE 2018 INC,1000,2016,Republican,1
Jody Allen (Paul G. Allen Trust),Seattle Seahawks,NFL,CARLOS CURBELO CONGRESS,1000,2016,Republican,1
Jody Allen (Paul G. Allen Trust),Seattle Seahawks,NFL,COLLINS FOR SENATOR,1000,2016,Republican,1
Jody Allen (Paul G. Allen Trust),Seattle Seahawks,NFL,CORY GARDNER FOR SENATE,1000,2016,Republican,1
Jody Allen (Paul G. Allen Trust),Seattle Seahawks,NFL,FRIENDS OF JIM BRIDENSTINE INC.,1000,2016,Republican,1
Jody Allen (Paul G. Allen Trust),Seattle Seahawks,NFL,JEFF FLAKE FOR US SENATE INC,1000,2016,Republican,1
Jody Allen (Paul G. Allen Trust),Seattle Seahawks,NFL,RYAN COSTELLO FOR CONGRESS,1000,2016,Republican,1
Jody Allen (Paul G. Allen Trust),Seattle Seahawks,NFL,BLUMENAUER FOR CONGRESS,1000,2016,Democrat,1
Jody Allen (Paul G. Allen Trust),Seattle Seahawks,NFL,FRIENDS OF BRADY WALKINSHAW,1000,2016,Democrat,1
Jody Allen (Paul G. Allen Trust),Seattle Seahawks,NFL,WHITEHOUSE FOR SENATE,1000,2016,Democrat,1
Jody Allen (Paul G. Allen Trust),Seattle Seahawks,NFL,CARLOS CURBELO CONGRESS,1000,2018,Republican,1
Jody Allen (Paul G. Allen Trust),Seattle Seahawks,NFL,CULBERSON FOR CONGRESS,1000,2018,Republican,1
Jody Allen (Paul G. Allen Trust),Seattle Seahawks,NFL,DEBBIE DINGELL FOR CONGRESS,1000,2018,Republican,1
Jody Allen (Paul G. Allen Trust),Seattle Seahawks,NFL,MARTHA ROBY FOR CONGRESS,1000,2018,Republican,1
Jody Allen (Paul G. Allen Trust),Seattle Seahawks,NFL,ROBERT ADERHOLT FOR CONGRESS,1000,2018,Republican,1
Jody Allen (Paul G. Allen Trust),Seattle Seahawks,NFL,ROYCE CAMPAIGN COMMITTEE,1000,2018,Republican,1
Jody Allen (Paul G. Allen Trust),Seattle Seahawks,NFL,SANFORD FOR CONGRESS,1000,2018,Republican,1
Jody Allen (Paul G. Allen Trust),Seattle Seahawks,NFL,VOLUNTEERS FOR SHIMKUS,1000,2018,Republican,1
Jody Allen (Paul G. Allen Trust),Seattle Seahawks,NFL,DIANA DEGETTE FOR CONGRESS,1000,2018,Democrat,1
Jody Allen (Paul G. Allen Trust),Seattle Seahawks,NFL,VISCLOSKY FOR CONGRESS,1000,2018,Democrat,1
Jody Allen (Paul G. Allen Trust),Seattle Seahawks,NFL,COMSTOCK FOR CONGRESS,500,2016,Republican,1
Jody Allen (Paul G. Allen Trust),Seattle Seahawks,NFL,MIKE HONDA FOR CONGRESS,500,2016,Democrat,1
Jody Allen (Paul G. Allen Trust),Seattle Seahawks,NFL,REED COMMITTEE; THE,500,2016,Democrat,1
Jody Allen (Paul G. Allen Trust),Seattle Seahawks,NFL,SAWTOOTH POLITICAL ACTION COMMITTEE (SAWTOOTH PAC),500,2018,Republican,1
Jody Allen (Paul G. Allen Trust),Seattle Seahawks,NFL,WALDEN FOR CONGRESS,500,2018,Republican,1
Joe Ellis,Denver Broncos,NFL,GRIDIRON-PAC,10000,2016,Bipartisan,0
Joe Ellis,Denver Broncos,NFL,STAPLETON VICTORY FUND,10000,2018,Republican,0
Joe Ellis,Denver Broncos,NFL,GRIDIRON-PAC,5000,2018,Bipartisan,0
Joe Ellis,Denver Broncos,NFL,GRIDIRON-PAC,5000,2020,Bipartisan,0
Joe Ellis,Denver Broncos,NFL,COLORADO REPUBLICAN COMMITTEE,2000,2016,Republican,0
Joel Glazer,Tampa Bay Buccaneers,NFL,GRIDIRON-PAC,10000,2016,Bipartisan,0
Joel Glazer,Tampa Bay Buccaneers,NFL,GRIDIRON-PAC,10000,2018,Bipartisan,0
Joel Glazer,Tampa Bay Buccaneers,NFL,HILLARY VICTORY FUND,5400,2016,Democrat,0
Joel Glazer,Tampa Bay Buccaneers,NFL,CHARLIE CRIST FOR CONGRESS,5400,2018,Democrat,0
Joel Glazer,Tampa Bay Buccaneers,NFL,GRIDIRON-PAC,5000,2020,Bipartisan,0
John Mara,New York Giants,NFL,GRIDIRON-PAC,10000,2016,Bipartisan,0
John Mara,New York Giants,NFL,GRIDIRON-PAC,5000,2018,Bipartisan,0
John Mara,New York Giants,NFL,GRIDIRON-PAC,5000,2020,Bipartisan,0
John Mara,New York Giants,NFL,HATCH ELECTION COMMITTEE INC,1000,2016,Republican,0
John York,San Francisco 49ers,NFL,TIM RYAN FOR CONGRESS,5600,2020,Democrat,0
John York,San Francisco 49ers,NFL,TIM RYAN FOR CONGRESS,5000,2016,Democrat,0
John York,San Francisco 49ers,NFL,TIM RYAN FOR AMERICA,2700,2020,Democrat,0
John York,San Francisco 49ers,NFL,HILLARY FOR AMERICA,950,2016,Democrat,0
Kim Pegula,Buffalo Bills,NFL,TOOMEY VICTORY COMMITTEE,29600,2016,Republican,1
Kim Pegula,Buffalo Bills,NFL,TOOMEY PENNSYLVANIA VICTORY FUND,15400,2016,Republican,1
Kim Pegula,Buffalo Bills,NFL,HOUSLEY FOR SENATE COMMITTEE,5400,2018,Republican,1
Kim Pegula,Buffalo Bills,NFL,CITIZENS FOR PROSPERITY IN AMERICA TODAY PAC,5000,2016,Republican,1
Kim Pegula,Buffalo Bills,NFL,IPAA WILDCATTERS FUND,5000,2016,Republican,1
Mark Davis,Las Vegas Raiders,NFL,GRIDIRON-PAC,5000,2016,Bipartisan,0
Mark Davis,Las Vegas Raiders,NFL,GRIDIRON-PAC,5000,2018,Bipartisan,0
Mark Davis,Las Vegas Raiders,NFL,GRIDIRON-PAC,5000,2020,Bipartisan,0
Mark H. Murphy (Executive Committee),Green Bay Packers,NFL,GRIDIRON-PAC,15000,2018,Bipartisan,0
Mark H. Murphy (Executive Committee),Green Bay Packers,NFL,GRIDIRON-PAC,10000,2016,Bipartisan,0
Mark H. Murphy (Executive Committee),Green Bay Packers,NFL,GRIDIRON-PAC,10000,2020,Bipartisan,0
Mary Kelly,Denver Broncos,NFL,ROMANOFF FOR COLORADO,1500,2020,Democrat,1
Mary Kelly,Denver Broncos,NFL,BIDEN FOR PRESIDENT,545,2020,Democrat,1
Mary Kelly,Denver Broncos,NFL,HILLARY FOR AMERICA,310,2016,Democrat,1
Mary Kelly,Denver Broncos,NFL,ACTBLUE,275,2018,Democrat,1
Mary Kelly,Denver Broncos,NFL,JASON CROW FOR CONGRESS,250,2018,Democrat,1
Mary Kelly,Denver Broncos,NFL,ACTBLUE,110,2020,Democrat,1
Michael J. Bidwill,Arizona Cardinals,NFL,GREAT ARIZONA FUND,25000,2020,Republican,0
Michael J. Bidwill,Arizona Cardinals,NFL,MCCONNELL FOR MAJORITY LEADER COMMITTEE,20800,2020,Republican,0
Michael J. Bidwill,Arizona Cardinals,NFL,JONI FOR IOWA,5600,2020,Republican,0
Michael J. Bidwill,Arizona Cardinals,NFL,MCCONNELL SENATE COMMITTEE,5600,2020,Republican,0
Michael J. Bidwill,Arizona Cardinals,NFL,TEAM GRAHAM ,5600,2020,Republican,0
Michael J. Bidwill,Arizona Cardinals,NFL,RON JOHNSON FOR SENATE,5400,2016,Republican,0
Michael J. Bidwill,Arizona Cardinals,NFL,LEA MARQUEZ PETERSON FOR CONGRESS,5400,2018,Republican,0
Michael J. Bidwill,Arizona Cardinals,NFL,MCSALLY FOR SENATE,5400,2018,Republican,0
Michael J. Bidwill,Arizona Cardinals,NFL,RICK SCOTT FOR FLORIDA,5400,2018,Republican,0
Michael J. Bidwill,Arizona Cardinals,NFL,SCOTT TAYLOR FOR CANGROSS,5400,2018,Republican,0
Michael J. Bidwill,Arizona Cardinals,NFL,STEVE SMITH FOR CONGRESS,5400,2018,Republican,0
Michael J. Bidwill,Arizona Cardinals,NFL,STANTON FOR CONGRESS,5400,2018,Democrat,0
Michael J. Bidwill,Arizona Cardinals,NFL,GRIDIRON-PAC,5000,2016,Bipartisan,0
Michael J. Bidwill,Arizona Cardinals,NFL,GRIDIRON-PAC,5000,2018,Bipartisan,0
Michael J. Bidwill,Arizona Cardinals,NFL,DEBBIE LESKO FOR CONGRESS,3700,2018,Republican,0
Michael J. Bidwill,Arizona Cardinals,NFL,COLLINS FOR SENATOR,2900,2020,Republican,0
Michael J. Bidwill,Arizona Cardinals,NFL,ALASKANS FOR DAN SULLIVAN,2800,2020,Republican,0
Michael J. Bidwill,Arizona Cardinals,NFL,JOHN JAMES FOR SENATE,2800,2020,Republican,0
Michael J. Bidwill,Arizona Cardinals,NFL,THOM TILLIS COMMITTEE,2800,2020,Republican,0
Michael J. Bidwill,Arizona Cardinals,NFL,CHRIS CHRISTIE FOR PRESIDENT,2700,2016,Republican,0
Michael J. Bidwill,Arizona Cardinals,NFL,GOWAN FOR ARIZONA,2700,2016,Republican,0
Michael J. Bidwill,Arizona Cardinals,NFL,LISA MURKOWSKI FOR US SENATE,2700,2016,Republican,0
Michael J. Bidwill,Arizona Cardinals,NFL,COLLINS FOR SENATOR,2700,2018,Republican,0
Michael J. Bidwill,Arizona Cardinals,NFL,LOVAS FOR CONGRESS,2700,2018,Republican,0
Michael J. Bidwill,Arizona Cardinals,NFL,STANTON FOR CONGRESS,2500,2020,Democrat,0
Michael J. Bidwill,Arizona Cardinals,NFL,BIGGS FOR CONGRESS,2000,2016,Republican,0
Michael J. Bidwill,Arizona Cardinals,NFL,BIGGS FOR CONGRESS,1500,2018,Republican,0
Michael J. Bidwill,Arizona Cardinals,NFL,MCSALLY FOR CONGRESS,1000,2016,Republican,0
Michael J. Bidwill,Arizona Cardinals,NFL,PERDUE FOR SENATE,1000,2018,Republican,0
Michael J. Bidwill,Arizona Cardinals,NFL,SCOTT TAYLOR FOR SENATE,1000,2020,Republican,0
Michael J. Bidwill,Arizona Cardinals,NFL,SINEMA FOR ARIZONA,1000,2020,Democrat,0
Mike Brown,Cincinnati Bengals,NFL,TRUMP VICTORY ,30000,2020,Republican,0
Mike Brown,Cincinnati Bengals,NFL,NRSC ,25000,2020,Republican,0
Mike Brown,Cincinnati Bengals,NFL,REPUBLICAN NATIONAL COMMITTEE,24400,2020,Republican,0
Mike Brown,Cincinnati Bengals,NFL,TEAM GRAHAM,5600,2020,Republican,0
Mike Brown,Cincinnati Bengals,NFL,FRIENDS OF TODD YOUNG,5400,2016,Republican,0
Mike Brown,Cincinnati Bengals,NFL,PORTMAN FOR SENATE COMMITTEE,5400,2016,Republican,0
Mike Brown,Cincinnati Bengals,NFL,WENSTRUP FOR CONGRESS,5400,2016,Republican,0
Mike Brown,Cincinnati Bengals,NFL,WENSTRUP FOR CONGRESS,5400,2018,Republican,0
Mike Brown,Cincinnati Bengals,NFL,WENSTRUP FOR CONGRESS,5400,2020,Republican,0
Mike Brown,Cincinnati Bengals,NFL,PORTMAN FOR SENATE COMMITTEE,2800,2020,Republican,0
Mike Brown,Cincinnati Bengals,NFL,KASICH FOR AMERICA,2700,2016,Republican,0
Mike Brown,Cincinnati Bengals,NFL,LINDSEY GRAHAM 2016,2700,2016,Republican,0
Mike Brown,Cincinnati Bengals,NFL,PAUL BROWN FOR CONGRESS,2700,2016,Republican,0
Mike Brown,Cincinnati Bengals,NFL,WENSTRUP FOR CONGRESS ,2700,2018,Republican,0
Robert Kraft,New England Patriots,NFL,GRIDIRON-PAC,10000,2018,Bipartisan,0
Robert Kraft,New England Patriots,NFL,GRIDIRON-PAC,5000,2016,Bipartisan,0
Robert Kraft,New England Patriots,NFL,EXPERIENCED LEADERSHIP MATTERS PAC,5000,2020,Democrat,0
Robert Kraft,New England Patriots,NFL,GRIDIRON-PAC,5000,2020,Bipartisan,0
Robert Kraft,New England Patriots,NFL,LANGEVIN FOR CONGRESS,1000,2016,Democrat,0
Roger Goodell,Commissioner,NFL,"HATCH ELECTION COMMITTEE, INC",5400,2016,Republican,0
Roger Goodell,Commissioner,NFL,PORTMAN FOR SENATE COMMITTEE,5400,2018,Republican,0
Roger Goodell,Commissioner,NFL,GRIDIRON-PAC,5000,2016,Bipartisan,0
Roger Goodell,Commissioner,NFL,"CHRIS CHRISTIE FOR PRESIDENT, INC.",2700,2016,Republican,0
Roger Goodell,Commissioner,NFL,BENNET FOR COLORADO,2700,2016,Democrat,0
Roger Goodell,Commissioner,NFL,PORTMAN FOR SENATE COMMITTEE,120,2016,Republican,0
Sheila Ford Hamp,Detroit Lions,NFL,GRIDIRON-PAC,10000,2018,Bipartisan,1
Sheila Ford Hamp,Detroit Lions,NFL,STABENOW VICTORY FUND,10000,2020,Democrat,1
Sheila Ford Hamp,Detroit Lions,NFL,GRIDIRON-PAC,5000,2016,Bipartisan,1
Sheila Ford Hamp,Detroit Lions,NFL,GRIDIRON-PAC,5000,2020,Bipartisan,1
Stephen J. Bisciotti,Baltimore Ravens,NFL,GRIDIRON-PAC,5000,2016,Bipartisan,0
Stephen M. Ross,Miami Dolphins,NFL,NRCC,161800,2016,Republican,0
Stephen M. Ross,Miami Dolphins,NFL,REPUBLICAN NATIONAL COMMITTEE,50000,2020,Republican,0
Stephen M. Ross,Miami Dolphins,NFL,NRCC,33400,2018,Republican,0
Stephen M. Ross,Miami Dolphins,NFL,NEW JERSEY DEMOCRATIC STATE COMMITTEE,20000,2018,Democrat,0
Stephen M. Ross,Miami Dolphins,NFL,SECURITY IS STRENGTH PAC,12500,2016,Republican,0
Stephen M. Ross,Miami Dolphins,NFL,CROWLEY LEADERSHIP FUND,10400,2018,Democrat,0
Stephen M. Ross,Miami Dolphins,NFL,TILLIS MAJORITY COMMITTEE,10000,2018,Republican,0
Stephen M. Ross,Miami Dolphins,NFL,DEMOCRATIC PARTY OF VIRGINIA,10000,2020,Democrat,0
Stephen M. Ross,Miami Dolphins,NFL,ALAMO PAC,8000,2018,Republican,0
Stephen M. Ross,Miami Dolphins,NFL,MIMI WALTERS VICTORY FUND,6250,2018,Republican,0
Stephen M. Ross,Miami Dolphins,NFL,TEXANS FOR SENATOR JOHN CORNYN INC.,5600,2020,Republican,0
Stephen M. Ross,Miami Dolphins,NFL,THOM TILLIS COMMITTEE,5600,2020,Republican,0
Stephen M. Ross,Miami Dolphins,NFL,FRIENDS OF MARK WARNER,5600,2020,Democrat,0
Stephen M. Ross,Miami Dolphins,NFL,NEAL VICTORY FUND,5600,2020,Democrat,0
Stephen M. Ross,Miami Dolphins,NFL,PETERS FOR MICHIGAN,5600,2020,Democrat,0
Stephen M. Ross,Miami Dolphins,NFL,RICHARD E NEAL FOR CONGRESS COMMITTEE,5600,2020,Democrat,0
Stephen M. Ross,Miami Dolphins,NFL,JEFF FLAKE FOR US SENATE INC,5400,2016,Republican,0
Stephen M. Ross,Miami Dolphins,NFL,KEVIN MCCARTHY FOR CONGRESS,5400,2016,Republican,0
Stephen M. Ross,Miami Dolphins,NFL,FRIENDS OF SCHUMER,5400,2016,Democrat,0
Stephen M. Ross,Miami Dolphins,NFL,CARLOS CURBELO CONGRESS,5400,2018,Republican,0
Stephen M. Ross,Miami Dolphins,NFL,CORNYN MAJORITY COMMITTEE,5400,2018,Republican,0
Stephen M. Ross,Miami Dolphins,NFL,HELLER FOR SENATE,5400,2018,Republican,0
Stephen M. Ross,Miami Dolphins,NFL,JOHN CARTER FOR CONGRESS,5400,2018,Republican,0
Stephen M. Ross,Miami Dolphins,NFL,LENA FOR CONGRESS,5400,2018,Republican,0
Stephen M. Ross,Miami Dolphins,NFL,MCHENRY FOR CONGRESS,5400,2018,Republican,0
Stephen M. Ross,Miami Dolphins,NFL,RICK SCOTT FOR FLORIDA,5400,2018,Republican,0
Stephen M. Ross,Miami Dolphins,NFL,SENSENBRENNER COMMITTEE,5400,2018,Republican,0
Stephen M. Ross,Miami Dolphins,NFL,TEAM GRAHAM INC,5400,2018,Republican,0
Stephen M. Ross,Miami Dolphins,NFL,MAST VICTORY COMMITTEE,5200,2016,Republican,0
Stephen M. Ross,Miami Dolphins,NFL,E-PAC,5000,2016,Republican,0
Stephen M. Ross,Miami Dolphins,NFL,"JOBS, OPPORTUNITIES AND EDUCATION PAC (JOE-PAC)",5000,2016,Democrat,0
Stephen M. Ross,Miami Dolphins,NFL,BLUEGRASS COMMITTEE,5000,2018,Republican,0
Stephen M. Ross,Miami Dolphins,NFL,TEAM RYAN,5000,2018,Republican,0
Stephen M. Ross,Miami Dolphins,NFL,WHAT A COUNTRY! PAC,5000,2018,Republican,0
Stephen M. Ross,Miami Dolphins,NFL,FUND FOR AMERICA'S FUTURE,5000,2020,Republican,0
Stephen M. Ross,Miami Dolphins,NFL,HURD VICTORY FUND,5000,2020,Republican,0
Stephen M. Ross,Miami Dolphins,NFL,FORWARD TOGETHER PAC,5000,2020,Democrat,0
Stephen M. Ross,Miami Dolphins,NFL,HURD VICTORY FUND,3550,2018,Republican,0
Stephen M. Ross,Miami Dolphins,NFL,MALONEY FOR CONGRESS,3500,2016,Democrat,0
Stephen M. Ross,Miami Dolphins,NFL,TEAM MCHENRY,3500,2018,Republican,0
Stephen M. Ross,Miami Dolphins,NFL,FISCAL LEADERSHIP AND KNOWING ECONOMICS PAC,3400,2016,Republican,0
Stephen M. Ross,Miami Dolphins,NFL,SASSE LEADERSHIP COMMITTEE,2800,2020,Republican,0
Stephen M. Ross,Miami Dolphins,NFL,BILL FLORES FOR CONGRESS,2700,2016,Republican,0
Stephen M. Ross,Miami Dolphins,NFL,BRIAN MAST FOR CONGRESS,2700,2016,Republican,0
Stephen M. Ross,Miami Dolphins,NFL,CARLOS LOPEZ-CANTERA FOR SENATE,2700,2016,Republican,0
Stephen M. Ross,Miami Dolphins,NFL,"JEB 2016, INC.",2700,2016,Republican,0
Stephen M. Ross,Miami Dolphins,NFL,"TROTT FOR CONGRESS, INC.",2700,2016,Republican,0
Stephen M. Ross,Miami Dolphins,NFL,WYDEN FOR SENATE,2700,2016,Democrat,0
Stephen M. Ross,Miami Dolphins,NFL,COLLINS FOR CONGRESS,2700,2018,Republican,0
Stephen M. Ross,Miami Dolphins,NFL,HUIZENGA FOR CONGRESS,2700,2018,Republican,0
Stephen M. Ross,Miami Dolphins,NFL,RENACCI FOR US SENATE,2700,2018,Republican,0
Stephen M. Ross,Miami Dolphins,NFL,"YODER FOR CONGRESS, INC",2700,2018,Republican,0
Stephen M. Ross,Miami Dolphins,NFL,MENENDEZ FOR SENATE,2700,2018,Democrat,0
Stephen M. Ross,Miami Dolphins,NFL,MADISON PAC; THE,2600,2020,Democrat,0
Stephen M. Ross,Miami Dolphins,NFL,ELISE FOR CONGRESS,2500,2016,Republican,0
Stephen M. Ross,Miami Dolphins,NFL,FRIENDS OF MIKE LEE INC,2500,2016,Republican,0
Stephen M. Ross,Miami Dolphins,NFL,GRASSLEY HAWKEYE FUND,2500,2016,Republican,0
Stephen M. Ross,Miami Dolphins,NFL,BLUMENTHAL FOR CONNECTICUT,2500,2016,Democrat,0
Stephen M. Ross,Miami Dolphins,NFL,FRIENDS OF PAT TOOMEY,2500,2018,Republican,0
Stephen M. Ross,Miami Dolphins,NFL,RAND PAUL FOR US SENATE,2500,2018,Republican,0
Stephen M. Ross,Miami Dolphins,NFL,MIKE GALLAGHER FOR WISCONSIN,2500,2020,Republican,0
Stephen M. Ross,Miami Dolphins,NFL,PROMOTING OUR REPUBLICAN TEAM PAC,2500,2020,Republican,0
Stephen M. Ross,Miami Dolphins,NFL,RECLAIM AMERICA PAC,2500,2020,Republican,0
Stephen M. Ross,Miami Dolphins,NFL,ZELDIN FOR CONGRESS,1000,2016,Republican,0
Stephen M. Ross,Miami Dolphins,NFL,NICOLE FOR NEW YORK,1000,2020,Republican,0
Steve Tisch,New York Giants,NFL,HILLARY VICTORY FUND,100000,2016,Democrat,0
Steve Tisch,New York Giants,NFL,RED TO BLUE VICTORY FUND,33900,2018,Democrat,0
Steve Tisch,New York Giants,NFL,GRIDIRON-PAC,10000,2016,Bipartisan,0
Steve Tisch,New York Giants,NFL,BOOKER SENATE VICTORY,10000,2018,Democrat,0
Steve Tisch,New York Giants,NFL,CORY BOOKER FOR SENATE,5600,2020,Democrat,0
Steve Tisch,New York Giants,NFL,FRIENDS OF SCHUMER,5400,2016,Democrat,0
Steve Tisch,New York Giants,NFL,HILLARY FOR AMERICA,5400,2016,Democrat,0
Steve Tisch,New York Giants,NFL,CORY BOOKER FOR SENATE,5400,2018,Democrat,0
Steve Tisch,New York Giants,NFL,GRIDIRON-PAC,5000,2018,Bipartisan,0
Steve Tisch,New York Giants,NFL,GRIDIRON-PAC,5000,2020,Bipartisan,0
Steve Tisch,New York Giants,NFL,PURPOSE PAC,4600,2018,Democrat,0
Steve Tisch,New York Giants,NFL,CORY 2020,2800,2020,Democrat,0
Steve Tisch,New York Giants,NFL,JEFFRIES FOR CONGRESS,2800,2020,Democrat,0
Steve Tisch,New York Giants,NFL,WIN THE ERA PAC,2800,2020,Democrat,0
Steve Tisch,New York Giants,NFL,WRIGHT 2016,2700,2016,Democrat,0
Steve Tisch,New York Giants,NFL,FEINSTEIN FOR SENATE 2024,2700,2018,Democrat,0
Steve Tisch,New York Giants,NFL,ACTBLUE,560,2020,Democrat,0
Terry Pegula,Buffalo Bills,NFL,TOOMEY VICTORY COMMITTEE,29600,2016,Republican,0
Terry Pegula,Buffalo Bills,NFL,TOOMEY PENNSYLVANIA VICTORY FUND,15400,2016,Republican,0
Terry Pegula,Buffalo Bills,NFL,JACOBS FOR CONGRESS,5600,2020,Republican,0
Terry Pegula,Buffalo Bills,NFL,HOUSLEY FOR SENATE COMMITTEE,5400,2018,Republican,0
Terry Pegula,Buffalo Bills,NFL,CITIZENS FOR PROSPERITY IN AMERICA TODAY PAC,5000,2016,Republican,0
Terry Pegula,Buffalo Bills,NFL,NATIONAL STRIPPER WELL ASSOCIATION PAC (NSWA PAC),5000,2016,Bipartisan,0
Terry Pegula,Buffalo Bills,NFL,IPAA WILDCATTERS FUND,5000,2018,Republican,0
Virginia McCaskey,Chicago Bears,NFL,GRIDIRON-PAC,5000,2016,Bipartisan,1
Virginia McCaskey,Chicago Bears,NFL,GRIDIRON-PAC,5000,2018,Bipartisan,1
Virginia McCaskey,Chicago Bears,NFL,GRIDIRON-PAC,5000,2020,Bipartisan,1
Zygi Wilf,Minnesota Vikings,NFL,BIDEN VICTORY FUND,21250,2020,Democrat,0
Zygi Wilf,Minnesota Vikings,NFL,HILLARY VICTORY FUND,18000,2016,Democrat,0
Zygi Wilf,Minnesota Vikings,NFL,GRIDIRON-PAC,10000,2016,Bipartisan,0
Zygi Wilf,Minnesota Vikings,NFL,GRIDIRON-PAC,10000,2018,Bipartisan,0
Zygi Wilf,Minnesota Vikings,NFL,AMY FOR AMERICA,5600,2020,Democrat,0
Zygi Wilf,Minnesota Vikings,NFL,KLOBUCHAR FOR MINNESOTA,5400,2018,Democrat,0
Zygi Wilf,Minnesota Vikings,NFL,GRIDIRON-PAC,5000,2020,Bipartisan,0
Zygi Wilf,Minnesota Vikings,NFL,MCCOLLUM FOR CONGRESS,2700,2016,Democrat,0
Zygi Wilf,Minnesota Vikings,NFL,TERRI BONOFF FOR CONGRESS,2700,2016,Democrat,0
Zygi Wilf,Minnesota Vikings,NFL,ANGIE CRAIG FOR CONGRESS,2700,2018,Democrat,0
Zygi Wilf,Minnesota Vikings,NFL,DEAN PHILLIPS FOR CONGRESS,2700,2018,Democrat,0
Zygi Wilf,Minnesota Vikings,NFL,MENENDEZ FOR SENATE,2700,2018,Democrat,0
Zygi Wilf,Minnesota Vikings,NFL,TINA SMITH FOR MINNESOTA,2700,2018,Democrat,0
Zygi Wilf,Minnesota Vikings,NFL,TOM MALINOWSKI FOR CONGRESS,2700,2018,Democrat,0
